# Chi2_train, Chi2_test
156.626511,233.865601
1.141357,1.953702
1.139945,1.947907
