# Chi2_train, Chi2_test
139.486221,inf
1.412981,inf
1.421555,inf
1.397229,inf
1.394282,inf
1.391790,inf
1.390120,inf
1.388861,inf
1.387926,inf
1.389632,inf
