# Chi2_train, Chi2_test
1367.817261,inf
2.051220,inf
1.432059,inf
1.377174,inf
1.359238,inf
1.399423,inf
1.347998,inf
1.343024,inf
1.530455,inf
1.332653,inf
