# Chi2_train, Chi2_test
167.880020,inf
1.539876,inf
1.540672,inf
1.535962,inf
1.535185,inf
1.534378,inf
1.533690,inf
1.533060,inf
1.532309,inf
1.534836,inf
