# Chi2_train, Chi2_test
308.920837,inf
1.578830,inf
1.514511,inf
1.514521,inf
1.497573,inf
1.491857,inf
1.486659,inf
1.481557,inf
1.476568,inf
1.471927,inf
