# Chi2_train, Chi2_test
944.997009,inf
1.544634,inf
1.404756,inf
1.397841,inf
1.396243,inf
1.395674,inf
1.395385,inf
1.395430,inf
1.394936,inf
1.394787,inf
