# Chi2_train, Chi2_test
300.453674,inf
1.679070,inf
1.597565,inf
1.593554,inf
1.591120,inf
1.587624,inf
1.585076,inf
1.581949,inf
1.575735,inf
1.576956,inf
