# Chi2_train, Chi2_test
188.481415,285.172760
1.004657,2.032288
0.861939,2.257823
