# Chi2_train, Chi2_test
118.354942,inf
1.773662,inf
1.732687,inf
1.730917,inf
1.730365,inf
1.728765,inf
1.728055,inf
1.727372,inf
1.726688,inf
1.730787,inf
