# Chi2_train, Chi2_test
159.378922,250.463684
1.061553,1.923023
1.030518,1.772140
