# Chi2_train, Chi2_test
3341.288330,inf
1.853076,inf
1.396066,inf
1.361483,inf
1.351892,inf
1.345491,inf
1.335515,inf
1.327501,inf
1.322761,inf
1.319022,inf
