# Chi2_train, Chi2_test
175.524551,267.065338
1.128187,2.098254
1.008633,4.322170
