# Chi2_train, Chi2_test
325.709717,inf
1.351404,inf
1.336114,inf
1.328491,inf
1.335417,inf
1.320723,inf
1.693196,inf
1.316823,inf
1.316037,inf
1.315651,inf
