# Chi2_train, Chi2_test
9040.415039,inf
85.151642,inf
4.191895,inf
1.764778,inf
1.681842,inf
1.648426,inf
1.617647,inf
1.606069,inf
1.599150,inf
1.594248,inf
