# Chi2_train, Chi2_test
107.671295,157.757401
1.035621,1.640169
1.034614,1.640458
