# Chi2_train, Chi2_test
364.332855,inf
2.377651,inf
1.487128,inf
1.476551,inf
1.472609,inf
1.470777,inf
1.469031,inf
1.467061,inf
1.465047,inf
1.462969,inf
