# Chi2_train, Chi2_test
246.823517,inf
1.312931,inf
1.248255,inf
1.233389,inf
1.224282,inf
1.220222,inf
1.216568,inf
1.211168,inf
1.202616,inf
1.190268,inf
