# Chi2_train, Chi2_test
210.454010,inf
94.228317,inf
94.184372,inf
94.166039,inf
94.156311,inf
1.700252,inf
1.615697,inf
1.607088,inf
1.599131,inf
1.581673,inf
