# Chi2_train, Chi2_test
143.509750,215.891373
1.084144,2.198447
1.021586,2.451094
