# Chi2_train, Chi2_test
1097.538452,inf
1.538396,inf
1.363911,inf
1.338639,inf
1.447048,inf
1.311882,inf
1.307276,inf
1.305010,inf
1.303681,inf
1.326934,inf
