# Chi2_train, Chi2_test
387.010925,inf
7.586320,inf
1.564412,inf
1.524045,inf
1.507284,inf
1.497875,inf
1.488593,inf
1.469387,inf
1.448371,inf
1.432507,inf
