# Chi2_train, Chi2_test
164.628342,249.496399
1.027893,1.522493
1.024926,1.520782
