# Chi2_train, Chi2_test
134.109421,209.348099
1.010346,2.241158
0.927464,2.853527
