# Chi2_train, Chi2_test
1722.994019,inf
1.892010,inf
1.520621,inf
1.517852,inf
1.515782,inf
1.514497,inf
1.513815,inf
1.514782,inf
1.513184,inf
1.513020,inf
