# Chi2_train, Chi2_test
247.457077,inf
1.332480,inf
1.277924,inf
1.274617,inf
1.272418,inf
1.307452,inf
1.268867,inf
1.266869,inf
1.265356,inf
1.263975,inf
