# Chi2_train, Chi2_test
198.851852,295.585754
1.102856,1.610508
1.064786,1.654887
1.031036,1.811702
