# best iteration: (array([1]),)
77.002861,374.981323
71.869370,64.202255
77.223885,65.675583
77.223885,65.675583
77.223885,65.675583
77.223885,65.675583
77.223885,65.675583
77.223885,65.675583
77.223885,65.675583
77.223885,65.675583
77.223885,65.675583
77.223885,65.675583
77.223885,65.675583
77.223885,65.675583
77.223885,65.675583
77.223885,65.675583
77.223885,65.675583
77.223885,65.675583
