,bg(0),bg(0)_high,bg(0)_low,bg(1),bg(1)_high,bg(1)_low,bg(2),bg(2)_high,bg(2)_low,bg(3),bg(3)_high,bg(3)_low,bg(4),bg(4)_high,bg(4)_low,bg(5),bg(5)_high,bg(5)_low,bg(6),bg(6)_high,bg(6)_low,bg(7),bg(7)_high,bg(7)_low,bg(8),bg(8)_high,bg(8)_low,bg(9),bg(9)_high,bg(9)_low,bg(10),bg(10)_high,bg(10)_low,bg(11),bg(11)_high,bg(11)_low,bg(12),bg(12)_high,bg(12)_low
0,1.4189141123808695,1.745174683081909,1.2597745556421114,1.4057672988330343,1.7682639554348722,1.2583014253134266,1.4881402632520102,1.7926646104941837,1.3300371049870243,1.4860872158213125,1.8494240788601988,1.3006126717168895,1.5851458455133316,1.8662127204769452,1.442760890614521,1.4962238335696392,1.909452466007298,1.0568953944378814,1.5890559507315862,1.9194071906312906,1.3337883371384778,1.5927843168033933,2.1170180390937414,0.8759534887466219,1.6664001141036047,2.156519492056288,1.2563764751581399,1.7386723493163994,2.126264001209402,1.4037562824242258,1.78080200543352,2.2051021312552335,1.5066828835967774,1.9947839068417945,2.3274228347420576,1.7978450393786276,1.9160434851479073,2.3485745781493104,1.6693243387651946
