# Chi2_train, Chi2_test
3003.905762,inf
0.508293,inf
0.388677,inf
0.386318,inf
