# Chi2_train, Chi2_test
44545.882812,inf
11.505257,inf
2.316348,inf
1.479307,inf
