# Chi2_train, Chi2_test
124286.320312,inf
9.866388,inf
0.335002,inf
0.310534,inf
