# Chi2_train, Chi2_test
7263.563965,inf
11.126575,inf
0.702696,inf
0.339056,inf
