# Chi2_train, Chi2_test
14760.964844,inf
0.309091,inf
0.299847,inf
0.296993,inf
