# Chi2_train, Chi2_test
73951.296875,inf
16.343044,inf
7.785433,inf
1.895067,inf
