# Chi2_train, Chi2_test
6733.435547,inf
3.751750,inf
0.467092,inf
0.335478,inf
