# Chi2_train, Chi2_test
416.332672,inf
0.564209,inf
0.410606,inf
0.343563,inf
