# Chi2_train, Chi2_test
1570.692627,inf
1.922605,inf
0.653568,inf
1.200209,inf
