# Chi2_train, Chi2_test
282817.437500,inf
14.230530,inf
0.762712,inf
0.484853,inf
