# Chi2_train, Chi2_test
18003.826172,inf
23.592928,inf
4.872140,inf
1.821363,inf
1.776687,inf
1.736958,inf
1.646349,inf
1.519940,inf
