# Chi2_train, Chi2_test
396.235077,inf
0.625817,inf
0.433404,inf
0.389755,inf
