# Chi2_train, Chi2_test
28565.326172,inf
10.131269,inf
3.032419,inf
2.770532,inf
