# Chi2_train, Chi2_test
11426.770508,inf
5.064416,inf
0.519637,inf
0.487296,inf
