# Chi2_train, Chi2_test
5886.557129,inf
2.268092,inf
1.229419,inf
1.222874,inf
