# Chi2_train, Chi2_test
19208.486328,inf
18.851971,inf
12.302584,inf
2.697151,inf
