# Chi2_train, Chi2_test
97.744690,inf
3.041739,inf
1.652053,inf
1.257171,inf
1.222955,inf
1.197774,inf
1.226678,inf
1.218709,inf
