# Chi2_train, Chi2_test
20971.919922,inf
0.503935,inf
0.552066,inf
0.345260,inf
