# Chi2_train, Chi2_test
2285.897217,inf
1.676257,inf
0.365494,inf
0.309876,inf
