# Chi2_train, Chi2_test
10232.088867,inf
8.808442,inf
1.652909,inf
1.386680,inf
