# Chi2_train, Chi2_test
143.955154,inf
26.991325,inf
26.991327,inf
26.991327,inf
