# Chi2_train, Chi2_test
8850.508789,inf
5.666189,inf
2.113839,inf
1.799410,inf
