# Chi2_train, Chi2_test
1008.077698,inf
1.851169,inf
1.570965,inf
1.557258,inf
