# Chi2_train, Chi2_test
346963.812500,inf
17.187799,inf
0.413231,inf
0.378218,inf
