# Chi2_train, Chi2_test
92.659805,inf
0.955501,inf
0.955674,inf
0.941982,inf
