# Chi2_train, Chi2_test
7108.868164,inf
1.471631,inf
1.313045,inf
1.298218,inf
