# Chi2_train, Chi2_test
47938.746094,inf
6.955548,inf
0.341889,inf
0.323578,inf
