# Chi2_train, Chi2_test
13264.418945,inf
1.230542,inf
2.601617,inf
0.295224,inf
