# Chi2_train, Chi2_test
71116.015625,inf
3.871460,inf
1.332546,inf
1.262647,inf
