# Chi2_train, Chi2_test
1614.634888,inf
13.836054,inf
2.338850,inf
1.857431,inf
