# Chi2_train, Chi2_test
11754.194336,inf
1.812662,inf
1.383739,inf
1.385868,inf
