# Chi2_train, Chi2_test
20696.640625,inf
4.055996,inf
1.704330,inf
1.319643,inf
