# Chi2_train, Chi2_test
44.412308,inf
9.028585,inf
1.913612,inf
1.773067,inf
1.930325,inf
1.626476,inf
1.600695,inf
1.819681,inf
