# Chi2_train, Chi2_test
2426.840820,inf
1.920380,inf
1.687135,inf
1.512551,inf
