# Chi2_train, Chi2_test
66021.679688,inf
5.328823,inf
0.587268,inf
0.452165,inf
