# Chi2_train, Chi2_test
16333.343750,inf
1.548237,inf
0.335807,inf
0.309027,inf
