# Chi2_train, Chi2_test
35223.050781,inf
0.766661,inf
0.329516,inf
0.307020,inf
