# Chi2_train, Chi2_test
139.546219,inf
19.805462,inf
18.306292,inf
15.992161,inf
13.180944,inf
6.442008,inf
1.847535,inf
1.658169,inf
