# Chi2_train, Chi2_test
116286.601562,inf
10.224014,inf
0.615952,inf
0.392923,inf
