# Chi2_train, Chi2_test
8679.636719,inf
16.861637,inf
1.112214,inf
0.518620,inf
