# Chi2_train, Chi2_test
236340.046875,inf
13.132844,inf
1.389453,inf
1.262329,inf
