# Chi2_train, Chi2_test
5607.807617,inf
0.345143,inf
0.289387,inf
0.287079,inf
