# Chi2_train, Chi2_test
26990.660156,inf
8.171746,inf
1.507815,inf
1.563849,inf
