# Chi2_train, Chi2_test
4885.138672,inf
4.213576,inf
1.952106,inf
1.426096,inf
