# Chi2_train, Chi2_test
9873.604492,inf
23.561296,inf
1.962744,inf
1.600216,inf
1.554466,inf
1.533283,inf
1.564221,inf
1.527048,inf
