# Chi2_train, Chi2_test
29715.076172,inf
2.768242,inf
1.519054,inf
1.538479,inf
