# Chi2_train, Chi2_test
1098.068359,inf
1.351594,inf
0.332279,inf
0.305901,inf
