# Chi2_train, Chi2_test
1121.536499,inf
16.040228,inf
1.977805,inf
1.706498,inf
1.820595,inf
1.702944,inf
1.697759,inf
3.085736,inf
