# Chi2_train, Chi2_test
7337.275879,inf
19.352215,inf
2.981252,inf
2.263494,inf
2.099962,inf
2.037901,inf
1.989662,inf
1.924505,inf
