# Chi2_train, Chi2_test
59729.148438,inf
9.899889,inf
1.830496,inf
2.174443,inf
