# Chi2_train, Chi2_test
11852.036133,inf
1.948773,inf
1.719241,inf
1.689366,inf
