# Chi2_train, Chi2_test
50880.480469,inf
3.163180,inf
1.658336,inf
0.316864,inf
