# Chi2_train, Chi2_test
34354.707031,inf
16.524279,inf
4.677412,inf
4.889342,inf
