# Chi2_train, Chi2_test
10156.773438,inf
31.764957,inf
31.764957,inf
31.778481,inf
