# Chi2_train, Chi2_test
75052.695312,inf
9.917754,inf
0.759993,inf
0.583457,inf
