# Chi2_train, Chi2_test
118.240105,inf
1.375320,inf
1.366731,inf
1.367369,inf
