# Chi2_train, Chi2_test
60449.632812,inf
10.624437,inf
1.464360,inf
1.536650,inf
