# Chi2_train, Chi2_test
49.739544,inf
10.605629,inf
0.703789,inf
0.700824,inf
