# Chi2_train, Chi2_test
13288.666016,inf
4.609166,inf
1.789368,inf
2.053637,inf
