# Chi2_train, Chi2_test
40960.925781,inf
22.745609,inf
6.350702,inf
1.708722,inf
1.588485,inf
1.858176,inf
1.526999,inf
1.592487,inf
