# Chi2_train, Chi2_test
26.893002,inf
1.666297,inf
0.584919,inf
0.395097,inf
