# Chi2_train, Chi2_test
278748.000000,inf
13.623271,inf
1.424215,inf
0.323488,inf
