# Chi2_train, Chi2_test
13181.052734,inf
1.707858,inf
0.322600,inf
0.300632,inf
