# Chi2_train, Chi2_test
72755.585938,inf
2.026824,inf
0.428375,inf
0.378188,inf
