# Chi2_train, Chi2_test
125549.437500,inf
8.570293,inf
1.207626,inf
0.703293,inf
