# Chi2_train, Chi2_test
12146.289062,inf
3.096027,inf
0.292069,inf
0.286389,inf
