# Chi2_train, Chi2_test
268519.343750,inf
18.484751,inf
4.897249,inf
0.465714,inf
