# Chi2_train, Chi2_test
39564.593750,inf
9.808625,inf
1.083610,inf
0.492409,inf
