# Chi2_train, Chi2_test
70832.007812,inf
4.179357,inf
0.450508,inf
0.993277,inf
