# Chi2_train, Chi2_test
2784.272217,inf
30.595676,inf
30.595678,inf
30.595676,inf
