# Chi2_train, Chi2_test
24539.896484,inf
5.252416,inf
1.568214,inf
1.512224,inf
