# Chi2_train, Chi2_test
15437.021484,inf
15.959510,inf
10.067711,inf
3.473149,inf
