# Chi2_train, Chi2_test
273147.937500,inf
11.856896,inf
1.548907,inf
1.506779,inf
