# Chi2_train, Chi2_test
43601.808594,inf
9.705063,inf
0.347819,inf
0.298822,inf
