# Chi2_train, Chi2_test
68563.328125,inf
16.503956,inf
3.083772,inf
2.232949,inf
