# Chi2_train, Chi2_test
391.262329,inf
9.907698,inf
1.755340,inf
0.405460,inf
