# Chi2_train, Chi2_test
11424.002930,inf
1.748185,inf
1.268536,inf
1.336734,inf
