# Chi2_train, Chi2_test
675.665222,inf
10.518174,inf
2.094986,inf
1.613849,inf
1.440428,inf
1.417088,inf
1.381239,inf
1.380702,inf
