# Chi2_train, Chi2_test
202983.234375,inf
18.944122,inf
2.710991,inf
1.311565,inf
