# Chi2_train, Chi2_test
30190.902344,inf
14.853705,inf
4.610394,inf
3.606505,inf
