# Chi2_train, Chi2_test
132311.609375,inf
9.610759,inf
0.433172,inf
0.327915,inf
