# Chi2_train, Chi2_test
3671.355225,inf
1.707149,inf
1.543463,inf
1.535531,inf
