# Chi2_train, Chi2_test
4828.205078,inf
15.694209,inf
1.285600,inf
0.314563,inf
