# Chi2_train, Chi2_test
25057.207031,inf
13.186411,inf
1.928458,inf
0.630629,inf
