# Chi2_train, Chi2_test
65389.906250,inf
13.775681,inf
0.698207,inf
0.366859,inf
