# Chi2_train, Chi2_test
48355.589844,inf
12.703119,inf
2.049858,inf
1.997128,inf
