# Chi2_train, Chi2_test
187593.859375,inf
13.607692,inf
1.569233,inf
1.503591,inf
