# Chi2_train, Chi2_test
22507.683594,inf
1.895616,inf
1.602807,inf
1.561670,inf
