# Chi2_train, Chi2_test
6537.376465,inf
1.240613,inf
0.846351,inf
0.707342,inf
