# Chi2_train, Chi2_test
27342.111328,inf
6.963038,inf
0.586026,inf
0.468618,inf
