# Chi2_train, Chi2_test
6901.406738,inf
7.055370,inf
2.404627,inf
1.292009,inf
