# Chi2_train, Chi2_test
87786.976562,inf
4.578844,inf
1.971580,inf
1.606028,inf
