# Chi2_train, Chi2_test
15003.637695,inf
4.379350,inf
0.548712,inf
0.339566,inf
