# Chi2_train, Chi2_test
20124.111328,inf
4.431565,inf
0.909478,inf
0.618687,inf
