# Chi2_train, Chi2_test
21305.251953,inf
5.624755,inf
1.152575,inf
2.632185,inf
