# Chi2_train, Chi2_test
3142.270508,inf
1.675444,inf
1.563663,inf
1.588187,inf
