# Chi2_train, Chi2_test
68733.492188,inf
10.374544,inf
1.686007,inf
1.694630,inf
