# Chi2_train, Chi2_test
1647.534668,inf
4.549911,inf
1.373215,inf
1.441375,inf
