# Chi2_train, Chi2_test
401776.656250,inf
15.958656,inf
2.059198,inf
1.816947,inf
