# Chi2_train, Chi2_test
4599.304688,inf
4.863700,inf
1.317187,inf
0.704842,inf
