# Chi2_train, Chi2_test
285.457092,inf
1.378021,inf
1.352946,inf
1.339384,inf
