# Chi2_train, Chi2_test
11986.587891,inf
1.820496,inf
0.586659,inf
0.511844,inf
