# Chi2_train, Chi2_test
40500.800781,inf
7.183597,inf
1.296457,inf
1.248334,inf
