# Chi2_train, Chi2_test
44.890518,inf
26.991327,inf
26.991335,inf
26.991327,inf
