# Chi2_train, Chi2_test
23988.714844,inf
1.478022,inf
1.283431,inf
1.250456,inf
