# Chi2_train, Chi2_test
61245.402344,inf
7.201776,inf
1.390483,inf
1.352124,inf
