# Chi2_train, Chi2_test
2770.645264,inf
1.519476,inf
1.378757,inf
1.367366,inf
