# Chi2_train, Chi2_test
59339.949219,59690.386719
7.224406,13.009173
2.429853,4.334488
1.584417,2.374717
1.535448,2.264585
1.744577,2.332102
1.507935,2.225429
1.503626,2.200372
