# Chi2_train, Chi2_test
23770.681641,23253.187500
12.948340,24.822969
4.798759,9.393142
2.437816,4.248535
1.823319,2.891597
1.606290,2.452295
1.691033,3.122687
1.506091,2.157072
