# Chi2_train, Chi2_test
30.371002,23.971008
7.475517,11.908031
13.268682,22.875992
13.268682,22.875992
