# Chi2_train, Chi2_test
42766.097656,41894.984375
9.587866,14.794317
5.672908,9.234432
3.542712,4.899798
3.016966,3.984650
4.159351,6.216023
7.602021,11.520080
2.707274,3.549659
