# Chi2_train, Chi2_test
22083.617188,20879.341797
8.142496,13.953314
1.773956,2.932549
1.576122,2.572065
1.549827,2.541203
1.556828,2.569102
