# Chi2_train, Chi2_test
81121.132812,84791.070312
7.241625,14.223426
4.527558,8.192501
1.474285,2.202895
2.070528,2.657820
1.287458,1.918478
1.275163,1.900564
1.268271,1.893229
