# Chi2_train, Chi2_test
1504.635498,3144.677734
24.013205,54.925079
24.013205,54.925079
24.013203,54.925076
