# Chi2_train, Chi2_test
1902.956787,1640.898926
1.597961,2.515622
1.539539,2.343890
1.530640,2.306297
2.028000,3.430212
1.523558,2.267269
1.526386,2.292743
1.519993,2.250959
