# Chi2_train, Chi2_test
4572.307129,4108.536621
7.936119,14.844537
5.615569,9.587185
2.190984,3.486954
1.467583,2.635077
1.370769,2.641549
