# Chi2_train, Chi2_test
27928.728516,24879.501953
6.017730,11.202108
2.451758,3.401757
1.687096,2.028763
1.758065,1.903851
1.481799,1.991785
