# Chi2_train, Chi2_test
19091.148438,25346.900391
11.073460,32.777306
11.065117,32.641979
7.308583,28.601114
1.283651,22.718250
