# Chi2_train, Chi2_test
35167.195312,33191.265625
13.129156,24.609699
9.830287,16.727385
3.487444,5.691314
1.751576,2.417692
1.510202,2.021471
1.454036,1.873922
2.666703,1.915127
