# Chi2_train, Chi2_test
249.048355,27.917395
6.902132,11.831963
3.735484,5.533864
1.787101,2.101657
1.637454,1.860114
1.584406,1.844481
1.570646,1.916179
