# Chi2_train, Chi2_test
11794.212891,11388.842773
6.503078,11.894000
2.655097,4.278996
1.493640,2.312540
1.333211,2.045265
1.331176,2.046597
1.272842,1.984055
1.265643,1.999999
