# Chi2_train, Chi2_test
9593.106445,6829.641113
9.469262,16.560131
7.608136,14.431061
3.813481,7.135549
2.719914,5.192442
2.513108,4.677392
2.413008,4.633134
2.353575,4.355012
