# Chi2_train, Chi2_test
55715.128906,120708.843750
21.016649,45.916031
12.847597,28.355350
3.136992,8.515007
1.668254,3.970177
1.549045,3.986170
1.564061,4.797546
1.508621,4.110813
