# Chi2_train, Chi2_test
240576.546875,250558.890625
13.208706,24.323305
7.532807,13.101740
2.102599,3.048132
1.559831,1.909286
1.520984,1.676646
1.515488,1.654446
1.512425,1.647107
