# Chi2_train, Chi2_test
63772.183594,64432.160156
9.822425,18.604893
7.475103,13.882369
5.259870,8.892658
3.516501,5.862819
2.628489,4.376551
2.123265,3.359069
1.783863,2.695731
