# Chi2_train, Chi2_test
26.563330,693.191467
4.995579,8.602118
2.166986,3.372936
8.182757,14.473380
1.373335,2.010893
1.352108,1.994383
1.350290,2.000728
