# Chi2_train, Chi2_test
17369.876953,31725.607422
1.015697,49835.199219
0.981179,49806.093750
0.964640,49836.378906
0.963624,49836.929688
