# Chi2_train, Chi2_test
2720.406738,1770.222778
7.875180,14.752411
3.776249,6.691553
1.875365,2.997528
1.716635,2.638461
4.665856,5.952749
1.677572,2.485442
1.710528,2.482546
