# Chi2_train, Chi2_test
19829.835938,18350.667969
7.395692,13.027076
5.960515,9.056446
3.588644,5.102709
2.530877,4.005167
2.467331,3.888286
2.526517,4.087300
2.398233,3.767662
