# Chi2_train, Chi2_test
56894.425781,52931.484375
12.017404,23.528831
4.214683,8.236865
2.245176,4.050914
1.484316,2.666206
1.277243,2.273953
1.246184,2.217320
1.238687,2.215180
