# Chi2_train, Chi2_test
22899.724609,26718.902344
11.075158,30.608076
11.074130,30.599682
11.072777,30.582994
11.070392,31.462032
