# Chi2_train, Chi2_test
172049.234375,184275.593750
9.277584,16.491798
8.701916,15.831565
7.730422,13.017151
1.694814,2.048404
4.081912,5.508215
1.496254,1.879374
