# Chi2_train, Chi2_test
17593.480469,96751.757812
10.348451,49874.699219
1.176044,49884.593750
0.972261,49885.648438
0.971214,49881.066406
