# Chi2_train, Chi2_test
13233.202148,32985.468750
1.926238,49825.601562
1.269971,49797.585938
1.166011,49809.761719
1.152256,49810.597656
