# Chi2_train, Chi2_test
104347.390625,69454.851562
11.277150,49930.199219
1.213781,49931.699219
1.199844,49931.996094
1.198424,49931.835938
