# Chi2_train, Chi2_test
554.689270,185.955994
6.114205,9.413041
1.875124,2.412197
1.612551,2.194266
1.547635,2.135180
1.522606,2.181359
