# Chi2_train, Chi2_test
527.258057,300.707306
1.318180,2.301610
1.251875,2.091966
1.242915,2.041751
1.635180,2.768633
1.287047,2.116931
1.254014,2.046687
