# Chi2_train, Chi2_test
2863.138672,1698.475342
8.263603,16.556738
4.469787,8.117466
1.580326,2.508793
1.412369,2.248138
1.383160,2.195061
1.367491,2.182224
1.356359,2.165587
