# Chi2_train, Chi2_test
360.703125,106.392395
1.722873,2.529086
1.350245,2.081073
1.322153,2.167816
1.383214,2.022759
