# Chi2_train, Chi2_test
162.842041,108.846161
13.573476,27.609898
6.238967,12.950893
2.173313,4.092315
1.656204,2.535331
1.820783,2.846928
1.710042,2.918376
1.629205,2.520992
