# Chi2_train, Chi2_test
110470.781250,108879.195312
6.363014,10.075897
3.366247,4.482350
1.898240,2.182284
1.502742,1.784673
1.393038,1.714743
1.380651,1.806801
1.961465,1.960620
