# Chi2_train, Chi2_test
789050.312500,849104.187500
9.195895,16.325417
8.221358,14.053917
4.865786,8.210387
2.377153,3.456500
3.232565,4.366853
2.199361,3.235855
1.586730,1.997322
