# Chi2_train, Chi2_test
984.887939,300.313782
3.284646,5.387542
1.579883,2.204619
2.132023,2.201040
1.515798,2.061806
1.506171,2.038157
3.401394,2.725937
1.493523,1.997207
