# Chi2_train, Chi2_test
2200.489746,1555.920532
2.494713,4.106424
2.197457,2.366565
1.456194,2.093677
