# Chi2_train, Chi2_test
66350.085938,63709.351562
6.982991,14.247158
3.291162,6.139318
2.172534,3.892213
14.653879,10.217527
1.664601,2.901435
1.803079,2.930272
1.618248,2.775438
