# Chi2_train, Chi2_test
65014.910156,84665.570312
11.460055,31.692371
5.903463,28.138868
1.223028,22.205858
1.084993,22.111942
