# Chi2_train, Chi2_test
41218.371094,36756.007812
12.576203,24.474815
