# Chi2_train, Chi2_test
5945.714844,4397.600586
8.837234,16.615299
6.679204,13.426989
4.464511,8.450472
3.102887,5.757373
7.291655,13.518369
2.601902,4.551600
2.513775,4.282763
