# Chi2_train, Chi2_test
8375.458984,6790.437500
7.593276,14.545024
4.077878,7.577210
2.756522,4.406662
1.766189,2.300382
1.649378,2.123550
1.550969,2.045889
1.665137,3.844106
