# Chi2_train, Chi2_test
103397.968750,108123.726562
7.883070,14.868376
3.370579,5.465878
1.809867,2.504651
1.511819,2.318316
1.433543,2.246987
1.393332,2.165154
1.363962,2.155930
