# Chi2_train, Chi2_test
3133.714111,2101.082520
2.433394,3.587777
3.269699,4.144774
1.736879,2.246914
1.607658,2.087126
1.568416,2.122476
