# Chi2_train, Chi2_test
40.455872,73.138374
23.159960,57.494450
23.159960,57.494392
23.159960,57.494774
