# Chi2_train, Chi2_test
15071.575195,14699.824219
8.011395,14.797733
5.636733,9.704743
1.176625,2.262650
1.125426,2.315614
1.119947,2.366178
1.115987,2.406465
