# Chi2_train, Chi2_test
15683.982422,12619.455078
6.983491,12.255161
2.959621,4.411610
2.008032,2.189040
1.853121,1.910829
1.813524,1.851007
1.804926,1.823142
1.799765,1.812117
