# Chi2_train, Chi2_test
17180.837891,12168.176758
10.304352,19.915045
8.155251,15.868165
3.880459,8.773747
1.709656,4.417683
1.432858,3.552582
1.314580,3.236912
1.254449,3.051548
