# Chi2_train, Chi2_test
7677.711426,6763.840820
6.087089,9.394123
2.176322,2.370526
1.540266,1.465871
1.517825,1.403021
1.567636,1.521248
1.312206,1.186073
1.301331,1.174819
