# Chi2_train, Chi2_test
764.013062,1433.366089
16.334738,34.697433
2.018520,4.055162
2.250812,2.809918
1.405531,2.470992
1.422341,2.396509
1.396997,2.511204
1.403471,2.649961
