# Chi2_train, Chi2_test
10154.095703,9284.344727
7.106750,12.134813
5.283540,9.506428
9.065813,15.260939
