# Chi2_train, Chi2_test
38812.550781,35815.527344
6.766386,13.257138
1.927996,3.458132
1.423986,2.246267
1.361403,2.073872
1.353747,2.058198
1.342521,2.025688
2.055447,3.396852
