# Chi2_train, Chi2_test
9991.204102,9110.541016
8.096337,14.390528
3.142860,5.629712
1.445827,2.282473
1.356984,2.145087
1.313776,2.112162
1.309361,2.142465
1.566203,2.284914
