# Chi2_train, Chi2_test
24900.871094,23702.582031
6.932800,12.684116
1.549525,2.344864
1.356305,2.296985
1.347290,2.380163
