# Chi2_train, Chi2_test
45736.457031,42286.750000
9.659360,15.324778
9.185993,14.943589
5.450225,8.689592
4.016775,3.418210
2.306592,3.296814
1.776893,2.167191
1.731869,2.099930
