# Chi2_train, Chi2_test
11564.090820,8710.898438
8.167006,15.424665
9.041794,19.334291
3.133037,5.244717
1.540661,2.767189
1.499771,2.644100
1.539654,2.613322
1.659832,2.737821
