# Chi2_train, Chi2_test
1715.334961,1427.994019
4.217995,8.640617
2.062983,3.702609
1.695261,2.783125
1.615034,2.565206
1.548220,2.423912
1.541736,2.353798
1.529532,2.326340
