# Chi2_train, Chi2_test
4466.097656,4178.792480
5.496381,9.902049
1.992631,2.996320
1.529731,2.104373
1.455251,1.901376
1.415440,2.001049
1.404852,1.816361
1.394021,1.803449
