# Chi2_train, Chi2_test
98.858452,68.829887
4.796322,8.713037
2.019686,3.096761
1.632774,1.990477
1.574540,1.868946
1.576799,1.908657
1.571713,1.815448
11.925276,19.621323
