# Chi2_train, Chi2_test
3664.601074,3301.020508
4.533473,8.541562
1.316504,1.874560
1.310113,1.865182
1.308915,1.870378
