# Chi2_train, Chi2_test
25.782032,27.825985
13.020059,24.733458
13.029599,24.733700
