# Chi2_train, Chi2_test
2836.878906,1605.643066
6.251362,11.558993
2.659570,4.244466
1.667259,2.185001
1.448936,1.886922
1.391507,1.843214
1.367105,1.815991
1.277091,1.745617
