# Chi2_train, Chi2_test
35057.105469,33938.269531
12.673223,25.052490
4.743207,8.909262
1.839206,2.777123
4.650009,6.700130
1.559702,2.133022
1.548506,2.429962
1.555458,2.059630
