# Chi2_train, Chi2_test
313680.125000,311223.250000
9.356820,15.046498
10.094870,16.830420
7.147181,11.801978
3.916548,7.593638
2.161188,3.498821
1.654967,2.194225
1.520913,2.174064
