# Chi2_train, Chi2_test
2594.954834,1161.854492
2.265034,2.893291
1.737204,2.005457
1.695921,1.963119
1.644339,1.837325
1.605294,1.818913
1.703174,1.976181
2.650167,3.167397
