# Chi2_train, Chi2_test
1901.595459,52955.277344
1.686509,49746.277344
0.909621,49802.957031
0.824734,49755.660156
0.809898,49754.320312
