# Chi2_train, Chi2_test
909.713196,778.095337
4.083605,7.549861
2.073911,2.847910
1.754516,3.282302
1.300707,2.173560
1.279987,2.126129
1.568930,2.736232
1.264461,2.103042
