# Chi2_train, Chi2_test
161000.500000,166185.984375
11.236062,22.170158
6.839694,13.402055
2.196540,3.422774
1.621518,2.244535
1.454701,1.863963
1.366206,1.787355
1.310259,1.802480
