# Chi2_train, Chi2_test
59476.410156,59293.800781
6.708660,12.282056
4.715013,7.231123
3.605415,5.353965
3.158780,4.420944
1.969821,2.818180
1.850744,2.567165
1.813148,2.441412
