# Chi2_train, Chi2_test
5070.229492,3194.918701
8.148958,13.304742
2.337654,3.224230
1.852580,2.281123
1.753949,2.127492
1.842103,2.171876
1.693348,2.040119
1.680485,2.031209
