# Chi2_train, Chi2_test
5407.797852,4785.925781
6.723906,12.127286
2.501369,3.968196
2.674929,3.807304
1.538251,2.483902
1.495567,2.335039
4.285421,3.922265
1.404443,2.257539
