# Chi2_train, Chi2_test
311.846100,52230.558594
8.459291,49710.304688
1.040449,49761.128906
1.383309,49434.207031
0.939881,49746.460938
