# Chi2_train, Chi2_test
14774.838867,14529.268555
6.028699,10.965499
2.234262,3.690608
1.688428,3.258518
1.574455,2.315743
1.537311,2.239214
1.519349,2.218932
1.510557,2.201210
