# Chi2_train, Chi2_test
4432.892578,2146.299072
9.107920,16.026493
8.485582,14.948179
6.134518,11.561270
2.162700,3.715145
1.627144,2.585922
13.356387,14.098803
1.540469,2.318374
