# Chi2_train, Chi2_test
616.481873,397.760773
1.852696,2.375745
1.727511,1.890019
1.699253,1.828004
1.687809,1.761310
1.658823,1.778771
1.646322,1.778550
1.636485,1.791051
