# Chi2_train, Chi2_test
53708.945312,54813.441406
6.946068,12.480523
2.315560,2.896034
1.381300,1.701439
1.370560,1.738133
