# Chi2_train, Chi2_test
30047.261719,27602.988281
6.278491,12.048829
1.527820,1.940857
1.680446,2.393060
1.613954,2.126195
1.519813,1.777323
1.648812,2.200725
1.391720,1.738275
