# Chi2_train, Chi2_test
15411.636719,12754.696289
8.518737,14.791512
8.096399,14.171771
5.758292,10.579189
2.218821,3.743633
1.847314,2.943234
1.709376,2.754159
1.643836,2.601390
