# Chi2_train, Chi2_test
3423.110107,2584.848145
11.729896,27.588238
11.200573,31.337612
2.662043,22.269672
0.934392,21.741280
