# Chi2_train, Chi2_test
26961.507812,26045.806641
13.168723,26.168741
13.150652,26.123510
13.145559,26.110312
11.518612,23.026836
7.640335,14.995492
3.983661,7.660521
1.731927,2.835750
