# Chi2_train, Chi2_test
862.213867,1495.162720
15.378760,35.633400
1.835977,3.265988
1.475782,2.375865
1.453445,2.428440
1.444531,2.446272
1.438013,2.429775
