# Chi2_train, Chi2_test
18805.818359,18160.458984
6.491058,12.336988
3.337522,5.892442
1.788225,2.540576
1.507043,1.924788
1.432750,1.781996
1.408924,1.744140
1.394979,1.732996
