# Chi2_train, Chi2_test
17725.099609,16752.423828
13.006948,24.306192
