# Chi2_train, Chi2_test
27.765347,27.291336
13.874297,23.830347
