# Chi2_train, Chi2_test
1233.996094,212.233231
8.021112,16.317760
5.345575,11.548166
6.847107,6.939178
1.821920,3.274875
1.636712,2.897941
1.506560,2.740870
1.446283,2.697429
