# Chi2_train, Chi2_test
7614.433594,7101.923828
3.041693,4.875277
1.661853,2.362050
6.076393,12.014199
1.521914,2.237671
1.526951,2.286980
1.492395,2.205957
1.682697,2.439869
