# Chi2_train, Chi2_test
28634.093750,28989.601562
9.156899,15.474822
5.931495,10.244143
2.813667,4.267598
1.882175,2.982048
1.702232,2.731757
1.648273,2.623139
1.621531,2.555920
