# Chi2_train, Chi2_test
14735.708008,32019.576172
2.225025,50608.035156
8.391062,49250.808594
1.105806,49883.406250
1.100440,49880.699219
