# Chi2_train, Chi2_test
425.639557,241.881821
13.716055,24.207722
