# Chi2_train, Chi2_test
66.711151,29.809305
13.908993,24.941317
13.908448,24.925837
13.908448,24.925716
13.908446,24.925848
13.908449,24.926041
