# Chi2_train, Chi2_test
9363.296875,33646.191406
10.556223,49820.164062
10.468109,49850.335938
10.248475,49853.906250
9.567969,49828.007812
