# Chi2_train, Chi2_test
24272.265625,32597.515625
10.322383,49798.031250
10.312472,49795.875000
9.623105,49780.179688
9.018076,49786.550781
