# Chi2_train, Chi2_test
111786.109375,113413.367188
8.906187,16.419266
6.769118,12.035361
4.899807,7.891981
2.552006,3.469153
2.835862,3.521124
1.816937,2.480710
1.840496,2.408649
