# Chi2_train, Chi2_test
16463.484375,16124.580078
7.162278,14.123053
2.742289,4.710835
1.792717,2.666546
1.550132,2.092916
1.381247,1.830535
1.351740,1.765214
1.467225,1.748735
