# Chi2_train, Chi2_test
57410.699219,59911.871094
8.935970,15.015822
2.114622,3.553199
1.508075,2.383661
1.376467,2.005656
