# Chi2_train, Chi2_test
41.584961,29.251322
5.387596,10.344685
1.802311,2.867658
1.590448,2.415910
1.499030,2.397221
1.450689,2.400301
