# Chi2_train, Chi2_test
633.626770,343.745331
2.380862,3.294567
1.484707,2.304871
1.506348,2.450519
1.540160,2.201399
