# Chi2_train, Chi2_test
41.745216,73.011253
24.213511,56.933693
24.213514,56.933662
24.213514,56.933704
