# Chi2_train, Chi2_test
1154.132935,611.358826
13.528263,24.890352
13.528262,24.890347
13.550594,25.000351
