# Chi2_train, Chi2_test
67334.289062,69435.359375
7.168396,13.970706
1.606573,2.573930
1.234216,1.959722
1.208962,1.927939
1.182197,1.936340
1.155093,1.952995
