# Chi2_train, Chi2_test
503.558990,230.445511
1.536859,1.591460
1.496723,1.627269
