# Chi2_train, Chi2_test
8993.181641,7947.947754
5.155919,10.922271
1.570398,2.265682
4.316535,5.244887
4.344313,7.353639
6.582051,11.834492
