# Chi2_train, Chi2_test
242897.703125,244915.625000
11.929152,19.278700
6.461704,10.497898
3.684018,5.991449
1.822510,2.651004
1.547407,2.123376
1.461541,2.087439
1.734420,2.195533
