# Chi2_train, Chi2_test
1083.877075,803.435730
4.664216,6.586475
1.464445,2.214631
1.342697,2.035453
1.339270,2.114171
