# Chi2_train, Chi2_test
7239.910156,6468.911621
14.059136,25.942139
