# Chi2_train, Chi2_test
9983.795898,6827.889160
8.220640,14.788501
7.217868,13.338071
4.313768,7.646590
2.071973,3.275307
1.892159,2.911795
1.819187,2.731147
1.755807,2.578601
