# Chi2_train, Chi2_test
41.492390,72.109695
23.672934,56.249863
23.672932,56.249882
23.700060,56.711082
