# Chi2_train, Chi2_test
14401.130859,10823.498047
8.205754,16.326321
6.288730,13.582785
4.822352,10.030022
2.101520,4.044429
1.635030,2.859793
1.542056,2.860774
1.510654,3.028838
