# Chi2_train, Chi2_test
739.481506,1107.299683
24.603806,54.893562
24.603807,54.893562
24.603807,54.895271
