# Chi2_train, Chi2_test
32342.111328,inf
16.217991,inf
12.259049,inf
8.059618,inf
