# Chi2_train, Chi2_test
316782.875000,417357.031250
11.310060,32.929077
11.296251,32.398685
11.296038,32.344547
11.295822,32.397438
