# Chi2_train, Chi2_test
14687.311523,10866.083984
13.959527,24.763737
13.961245,24.764769
