# Chi2_train, Chi2_test
26.335901,26.737989
12.995851,23.348104
