# Chi2_train, Chi2_test
83938.773438,85504.359375
9.605144,15.256269
3.352322,5.679507
1.788208,2.332678
1.567078,2.110295
1.524085,2.012752
1.556452,2.275018
1.500091,1.973057
