# Chi2_train, Chi2_test
52770.847656,55521.101562
8.447779,15.031588
4.804057,8.824059
2.305347,3.884112
1.776298,2.788408
1.617946,2.426874
1.553017,2.274840
1.518764,2.198782
