# Chi2_train, Chi2_test
139229.515625,94883.062500
9.763674,49852.007812
1.237491,49827.449219
1.223565,49828.023438
1.161023,49816.324219
