# Chi2_train, Chi2_test
209.184250,83.389694
9.673798,16.190588
8.806745,14.994578
8.273834,14.038929
7.145700,11.924882
3.394300,5.794169
1.874478,2.515344
1.632630,2.158284
