# Chi2_train, Chi2_test
457.566040,678.310486
10.513995,32.778908
10.514010,32.786415
10.514030,32.818661
10.514045,32.801285
