# Chi2_train, Chi2_test
64638.218750,45458.449219
1.332862,49889.066406
1.033084,49826.472656
1.473455,49602.945312
1.028652,49824.726562
