# Chi2_train, Chi2_test
22676.126953,104976.015625
5.043768,49793.835938
1.201455,49810.902344
1.080109,49811.863281
3.775390,49483.578125
