# Chi2_train, Chi2_test
1122.838989,898.402100
3.024552,5.608338
1.518493,2.532240
1.446671,2.254288
1.386425,2.277821
1.380231,2.251814
1.377455,2.252354
1.581590,2.150601
