# Chi2_train, Chi2_test
44.619511,84.036797
11.193175,19.447819
1.782796,4.679103
1.419774,2.666533
1.404508,2.618294
1.400982,2.623162
1.571384,2.750688
