# Chi2_train, Chi2_test
1381.358643,1301.911133
10.056387,29.849545
1.120058,22.241236
1.215360,16.405954
1.020068,22.141645
