# Chi2_train, Chi2_test
26469.480469,58063.164062
22.011877,52.841763
13.544199,33.808136
3.610780,9.870639
1.337001,2.523102
1.329935,2.487378
1.324364,2.540971
1.322091,2.541260
