# Chi2_train, Chi2_test
10541.924805,9842.847656
8.141086,14.383521
1.712392,2.907990
1.413482,2.485802
1.368488,2.512501
