# Chi2_train, Chi2_test
3528.842529,3544.293945
11.165686,33.567432
11.128062,33.486839
11.085258,33.328850
11.026814,33.143620
