# Chi2_train, Chi2_test
50307.000000,50670.359375
11.340311,19.634176
7.364357,12.282472
3.291322,4.344724
2.051155,2.348193
1.717176,2.067969
1.585069,1.926896
1.548708,1.947647
