# Chi2_train, Chi2_test
47.921738,31.905407
2.086228,3.413310
1.465945,2.429396
1.483191,2.446573
