# Chi2_train, Chi2_test
1600.499878,889.435608
5.605961,9.869329
1.887947,2.685431
1.630499,2.377567
1.498398,2.265200
1.487291,2.263509
1.466846,2.244728
1.475270,2.241555
