# Chi2_train, Chi2_test
4770.493652,2596.066162
8.571169,14.706686
7.874199,13.543487
4.857407,8.143950
3.265901,4.912749
2.909069,4.263274
2.788832,4.023680
2.716022,3.905501
