# Chi2_train, Chi2_test
45.640060,29.469973
2.289295,3.123417
1.975856,2.581181
1.807909,2.227457
1.774080,2.141877
1.714711,2.055003
1.680353,1.998217
1.666982,1.987311
