# Chi2_train, Chi2_test
39069.558594,39646.750000
7.773672,15.092731
4.352328,7.972494
10.648928,11.353861
1.647754,2.186645
1.492802,1.914254
1.423505,1.832540
1.390868,1.837454
