# Chi2_train, Chi2_test
86588.859375,88355.500000
7.794459,13.324378
2.900279,4.049109
2.005016,2.503630
2.032904,2.469604
1.920442,2.270801
1.978372,2.233113
1.878226,2.151119
