# Chi2_train, Chi2_test
27.090235,27.795778
13.739579,24.868834
13.742505,24.864475
