# Chi2_train, Chi2_test
7983.394531,4760.535645
4.394598,161.993515
4.394591,162.029648
4.394749,161.944458
4.394591,162.030960
