# Chi2_train, Chi2_test
32269.593750,30584.142578
2.794796,167.652527
1.580547,169.050690
1.302139,169.121231
1.242487,169.618088
