# Chi2_train, Chi2_test
50314.257812,53544.457031
3.928325,164.372147
3.818769,166.713882
3.775093,162.305206
2.774496,166.462265
