# Chi2_train, Chi2_test
9900.769531,5187.263184
3.685240,168.644836
3.403048,168.265976
3.190556,168.235855
2.806106,160.372986
