# Chi2_train, Chi2_test
4237.348633,1198.504028
3.724514,167.180756
3.701335,167.117737
3.164810,167.894028
1.202679,165.578369
