# Chi2_train, Chi2_test
9972.328125,9422.114258
3.554252,167.300964
3.020443,168.247589
2.574307,167.635452
2.319519,167.970322
