# Chi2_train, Chi2_test
4621.555176,2664.025635
3.597739,168.057587
3.383705,168.745255
2.526060,166.935043
1.119321,170.611191
