# Chi2_train, Chi2_test
90313.507812,102413.234375
3.714469,168.012589
3.298455,166.143509
2.982096,164.158707
2.416516,166.681595
