# Chi2_train, Chi2_test
103827.703125,113700.156250
8.641722,148.624496
2.981616,168.736374
2.567351,169.531815
2.137605,169.215088
