# Chi2_train, Chi2_test
4206.476074,1061.128296
3.941917,169.944092
3.883138,164.814041
7.997362,208.085846
3.849619,165.250793
