# Chi2_train, Chi2_test
132.932755,inf
1.559835,inf
1.508876,inf
1.505650,inf
1.502857,inf
1.502325,inf
1.501988,inf
1.503059,inf
1.501574,inf
1.501451,inf
