# Chi2_train, Chi2_test
137.777832,856.191040
1.968671,12.350669
1.031227,2.018595
1.025311,1.822036
1.021491,1.808985
1.020425,1.815688
1.019932,1.818303
1.019628,1.819396
