# Chi2_train, Chi2_test
165.984314,inf
32.036095,inf
1.103181,inf
0.994037,inf
0.967726,inf
0.963592,inf
0.962613,inf
0.961904,inf
0.960133,inf
0.949529,inf
