# Chi2_train, Chi2_test
85.872566,608.690369
1.086828,2.874882
1.048919,2.333962
1.026488,2.571302
0.997420,2.885242
0.970941,3.030007
0.925589,3.267823
