# Chi2_train, Chi2_test
169.343643,inf
48.018475,inf
47.861107,inf
47.806599,inf
47.768658,inf
6.010409,inf
1.199841,inf
1.178254,inf
1.162868,inf
1.120930,inf
