# Chi2_train, Chi2_test
148.989700,878.382263
56.912121,282.077423
56.852592,282.085571
56.792133,282.467499
56.745674,282.709015
