# Chi2_train, Chi2_test
738.866821,inf
1.978210,inf
1.246034,inf
1.244804,inf
1.243964,inf
1.243523,inf
1.243276,inf
1.243147,inf
1.242468,inf
1.242105,inf
