# Chi2_train, Chi2_test
145.122101,inf
6.128913,inf
1.225914,inf
1.207012,inf
1.200008,inf
1.187299,inf
1.177044,inf
1.149913,inf
1.135287,inf
1.120379,inf
