# Chi2_train, Chi2_test
161.742172,inf
49.705132,inf
49.600365,inf
49.565937,inf
49.470963,inf
49.430393,inf
3.333841,inf
0.984823,inf
0.916061,inf
0.897441,inf
