# Chi2_train, Chi2_test
122.911659,802.591064
1.265376,4.495260
1.118614,2.012444
1.089432,2.056851
1.072276,2.372779
1.060872,2.377311
1.035130,2.627665
