# Chi2_train, Chi2_test
98.281845,665.394958
1.438021,2.954806
1.256746,1.707099
1.235597,1.658817
1.224231,1.727020
1.183332,1.969193
1.142110,2.054202
