# Chi2_train, Chi2_test
6234.063965,inf
31.759594,inf
1.531413,inf
1.503440,inf
1.498096,inf
1.495885,inf
1.494339,inf
1.495004,inf
1.493415,inf
1.492281,inf
