# Chi2_train, Chi2_test
85.317528,589.178711
1.408511,2.158218
1.361330,1.696057
1.339950,1.707387
1.334189,1.710917
1.304861,1.867086
1.278597,1.985352
