# Chi2_train, Chi2_test
110.110161,inf
11.794177,inf
1.188265,inf
1.161074,inf
1.151543,inf
1.108405,inf
1.044235,inf
1.025807,inf
1.011734,inf
0.995490,inf
