# Chi2_train, Chi2_test
3156.797119,inf
1.672204,inf
1.502302,inf
1.476777,inf
1.473924,inf
1.472390,inf
1.471969,inf
1.471601,inf
1.471370,inf
1.470889,inf
