# Chi2_train, Chi2_test
335.535400,inf
1.686878,inf
1.652412,inf
1.637877,inf
1.630977,inf
1.628177,inf
1.626571,inf
1.625975,inf
1.627417,inf
1.625326,inf
