# Chi2_train, Chi2_test
88.901123,597.889587
1.146218,2.129262
1.069442,1.906167
0.972774,2.347482
0.915437,2.298329
0.860640,2.546715
