# Chi2_train, Chi2_test
204.848022,inf
1.648647,inf
1.613336,inf
1.589651,inf
1.582497,inf
1.579312,inf
1.573543,inf
1.557802,inf
1.548140,inf
1.545998,inf
