# Chi2_train, Chi2_test
114.527313,inf
50.079536,inf
17.280876,inf
3.180408,inf
1.027892,inf
0.983760,inf
0.967861,inf
0.956011,inf
0.945613,inf
0.939043,inf
