# Chi2_train, Chi2_test
128.363388,inf
48.948006,inf
48.860687,inf
48.837139,inf
15.172543,inf
2.430461,inf
1.064014,inf
1.046549,inf
1.039294,inf
1.034176,inf
