# Chi2_train, Chi2_test
230.776001,inf
2.380095,inf
1.480715,inf
1.441034,inf
1.383407,inf
1.372824,inf
1.364060,inf
1.338839,inf
1.274457,inf
1.258981,inf
