# Chi2_train, Chi2_test
149.763794,inf
1.613526,inf
1.602411,inf
1.601082,inf
1.600325,inf
1.597808,inf
1.595565,inf
1.594361,inf
1.589465,inf
1.585683,inf
