# Chi2_train, Chi2_test
165.323517,inf
47.700146,inf
18.048916,inf
3.334635,inf
0.979159,inf
0.938530,inf
0.929061,inf
0.908292,inf
0.878844,inf
0.869040,inf
