# Chi2_train, Chi2_test
373.406616,inf
2.489417,inf
1.779305,inf
1.683559,inf
1.666883,inf
1.617580,inf
1.520234,inf
1.485145,inf
1.468914,inf
1.452793,inf
