# Chi2_train, Chi2_test
113.690163,inf
2.983283,inf
1.193862,inf
1.188198,inf
1.183777,inf
1.180590,inf
1.161032,inf
1.134373,inf
1.128713,inf
1.128008,inf
