# Chi2_train, Chi2_test
250.214188,inf
101.832184,inf
101.714706,inf
101.691322,inf
101.602402,inf
101.539444,inf
101.517136,inf
101.513695,inf
101.509972,inf
101.509361,inf
