# Chi2_train, Chi2_test
147.963440,inf
48.445450,inf
48.331818,inf
8.622947,inf
0.933587,inf
0.909537,inf
0.892766,inf
0.880020,inf
0.877600,inf
0.873576,inf
