# Chi2_train, Chi2_test
129.351837,inf
45.998093,inf
45.887074,inf
28.590023,inf
1.386836,inf
1.186918,inf
1.178169,inf
1.173570,inf
1.164531,inf
1.121685,inf
