# Chi2_train, Chi2_test
308.248657,inf
99.356003,inf
99.150475,inf
99.115585,inf
98.947105,inf
98.901085,inf
1.197852,inf
1.140646,inf
1.087697,inf
1.050378,inf
