# Chi2_train, Chi2_test
294.771606,inf
2.087934,inf
1.412673,inf
1.401360,inf
1.397887,inf
1.392702,inf
1.388192,inf
1.374676,inf
1.367744,inf
1.346563,inf
