# Chi2_train, Chi2_test
276.882965,inf
97.757149,inf
97.572449,inf
2.040284,inf
1.302626,inf
1.297117,inf
1.285849,inf
1.256209,inf
1.234921,inf
1.199682,inf
