# Chi2_train, Chi2_test
263.486664,inf
101.444221,inf
101.299339,inf
101.214867,inf
101.192513,inf
101.056480,inf
4.189697,inf
1.345015,inf
1.292078,inf
1.247511,inf
