# Chi2_train, Chi2_test
431.706299,inf
2.007018,inf
1.691937,inf
1.668715,inf
1.664860,inf
1.663982,inf
1.662978,inf
1.661828,inf
1.660529,inf
1.659083,inf
