# Chi2_train, Chi2_test
122.854172,798.409241
1.569140,4.013267
1.325405,2.297013
1.308455,2.334219
1.274078,2.642086
1.213545,2.763618
