# Chi2_train, Chi2_test
165.097992,inf
1.575767,inf
1.573137,inf
1.568123,inf
1.567475,inf
1.563220,inf
1.560238,inf
1.557880,inf
1.555309,inf
1.552192,inf
