# Chi2_train, Chi2_test
195.033218,inf
48.530449,inf
30.886860,inf
5.989716,inf
1.373802,inf
1.247664,inf
1.222444,inf
1.206392,inf
1.198367,inf
1.188834,inf
