# Chi2_train, Chi2_test
292.618622,inf
99.970215,inf
99.781578,inf
99.735657,inf
54.707867,inf
1.518927,inf
1.429428,inf
1.359855,inf
1.295583,inf
1.285905,inf
