# Chi2_train, Chi2_test
926.463684,inf
51.711300,inf
1.747803,inf
1.728313,inf
1.707370,inf
1.669808,inf
1.655523,inf
1.653569,inf
1.649635,inf
1.636726,inf
