# Chi2_train, Chi2_test
269.096771,inf
99.336044,inf
99.180992,inf
99.132370,inf
99.117630,inf
99.066742,inf
99.026794,inf
99.024567,inf
99.021889,inf
99.016228,inf
