# Chi2_train, Chi2_test
120.313919,inf
47.408951,inf
47.254482,inf
47.238426,inf
47.229630,inf
22.596907,inf
1.409401,inf
1.127972,inf
1.123369,inf
1.121739,inf
