# Chi2_train, Chi2_test
117.776062,777.065735
54.580124,294.993713
1.116300,3.390363
1.085700,3.132637
1.063062,3.417321
1.058810,3.286902
1.052465,3.186059
