# Chi2_train, Chi2_test
92.939514,640.046692
1.312509,2.491422
1.098891,1.534873
1.028136,2.209701
0.953059,2.562741
0.928400,2.682826
