# Chi2_train, Chi2_test
137.915787,inf
48.359131,inf
1.283830,inf
1.228945,inf
1.207778,inf
1.195890,inf
1.189007,inf
1.174588,inf
1.153880,inf
1.138750,inf
