# Chi2_train, Chi2_test
190.125854,inf
48.272297,inf
48.161007,inf
48.129803,inf
48.119431,inf
48.089981,inf
7.307597,inf
1.321396,inf
1.019240,inf
0.999284,inf
