# Chi2_train, Chi2_test
318.892639,inf
114.495186,inf
35.197769,inf
1.450817,inf
1.392192,inf
1.368243,inf
1.326831,inf
1.300132,inf
1.282063,inf
1.266828,inf
