# Chi2_train, Chi2_test
1057.988892,inf
1.430882,inf
1.382753,inf
1.368879,inf
1.351194,inf
1.341492,inf
1.334435,inf
1.330819,inf
1.328619,inf
1.327776,inf
