# Chi2_train, Chi2_test
171.769257,260.783295
1.124478,1.710133
0.938978,1.871097
0.901047,2.212748
