# Chi2_train, Chi2_test
170.835236,260.373505
1.153054,1.802907
1.119754,1.927353
