# Chi2_train, Chi2_test
211.694366,inf
1.618739,inf
1.594632,inf
1.581111,inf
1.577609,inf
1.575858,inf
1.574854,inf
1.574141,inf
1.573616,inf
1.573119,inf
