# Chi2_train, Chi2_test
186.292816,282.899750
1.096560,1.398428
1.082099,1.468132
