# Chi2_train, Chi2_test
325.133179,inf
2.304147,inf
1.718510,inf
1.698170,inf
1.678696,inf
1.656373,inf
1.631743,inf
1.609778,inf
1.608080,inf
1.587044,inf
