# Chi2_train, Chi2_test
448.372314,inf
95.951141,inf
1.626090,inf
1.324018,inf
1.304966,inf
1.317625,inf
1.297260,inf
1.293797,inf
1.288518,inf
1.281933,inf
