# Chi2_train, Chi2_test
143.139938,217.272339
1.018104,1.570475
0.942769,1.719712
