# Chi2_train, Chi2_test
169.687057,264.952850
0.965538,2.319353
0.917599,2.220805
