# Chi2_train, Chi2_test
203.940567,inf
2.127150,inf
1.696888,inf
1.645587,inf
1.630836,inf
1.639774,inf
1.623935,inf
1.621925,inf
1.620289,inf
1.618077,inf
