# Chi2_train, Chi2_test
280.714294,inf
1.596293,inf
1.454482,inf
1.436900,inf
1.427640,inf
1.420837,inf
1.411755,inf
1.399854,inf
1.383658,inf
1.355549,inf
