# Chi2_train, Chi2_test
189.723480,288.367279
0.928536,1.846347
0.889558,2.037254
