# Chi2_train, Chi2_test
336.087189,inf
2.591619,inf
1.558793,inf
1.532876,inf
1.543407,inf
1.517480,inf
1.512447,inf
1.508447,inf
1.505361,inf
1.502836,inf
