# Chi2_train, Chi2_test
696.854736,inf
1.680282,inf
1.651033,inf
1.638353,inf
1.631459,inf
1.628644,inf
1.627200,inf
1.626031,inf
1.625803,inf
1.624236,inf
