# Chi2_train, Chi2_test
176.725983,271.685394
1.091677,1.689915
1.046679,1.711987
