# Chi2_train, Chi2_test
304.750275,inf
1.332316,inf
1.296342,inf
1.318921,inf
1.276601,inf
1.271080,inf
1.266888,inf
1.263060,inf
1.258529,inf
1.252044,inf
