# Chi2_train, Chi2_test
909.712097,inf
1.632181,inf
1.613061,inf
1.608844,inf
1.608076,inf
1.606756,inf
1.724560,inf
1.606072,inf
1.605685,inf
1.605269,inf
