# Chi2_train, Chi2_test
385.073334,inf
1.510557,inf
1.455785,inf
1.450376,inf
1.444355,inf
1.442311,inf
1.430276,inf
1.422510,inf
1.415848,inf
1.410618,inf
