# Chi2_train, Chi2_test
329.067444,inf
1.403000,inf
1.247182,inf
1.216133,inf
1.205387,inf
1.201463,inf
1.193012,inf
1.177242,inf
1.159752,inf
1.145303,inf
