# Chi2_train, Chi2_test
348.318054,inf
3.277713,inf
1.655885,inf
1.715356,inf
1.556488,inf
1.554999,inf
1.574636,inf
1.552753,inf
1.574484,inf
1.551517,inf
