# Chi2_train, Chi2_test
282.437042,inf
1.672506,inf
1.645624,inf
1.637668,inf
1.706486,inf
1.629728,inf
2.067410,inf
1.624382,inf
1.622762,inf
2.001332,inf
