# Chi2_train, Chi2_test
942.874329,inf
1.310942,inf
1.273197,inf
1.271111,inf
1.269860,inf
1.268950,inf
1.268177,inf
1.267547,inf
1.267253,inf
1.266559,inf
