# Chi2_train, Chi2_test
209.726349,inf
1.324220,inf
1.297002,inf
1.290787,inf
1.290078,inf
1.289750,inf
1.289797,inf
1.289787,inf
1.289518,inf
1.289252,inf
