# Chi2_train, Chi2_test
212.257996,inf
1.976828,inf
1.593686,inf
1.585516,inf
1.579949,inf
1.572843,inf
1.554485,inf
1.494985,inf
1.406214,inf
1.345586,inf
