# Chi2_train, Chi2_test
118.192596,179.400742
1.175088,1.405330
1.151326,1.567830
