# Chi2_train, Chi2_test
436.816010,inf
1.319107,inf
1.312050,inf
1.310226,inf
1.328004,inf
1.311595,inf
1.308117,inf
1.307449,inf
1.310021,inf
1.306355,inf
