# Chi2_train, Chi2_test
940.466003,inf
1.493822,inf
1.470786,inf
1.462337,inf
1.457612,inf
1.456078,inf
1.455575,inf
1.455181,inf
1.454883,inf
1.454627,inf
