# Chi2_train, Chi2_test
199.667496,298.157990
1.286758,2.067955
1.261493,2.064747
