# Chi2_train, Chi2_test
160.296997,237.454132
1.240665,1.457374
1.232354,1.514342
