# Chi2_train, Chi2_test
244.319305,inf
47.196014,inf
1.488794,inf
1.483687,inf
1.486152,inf
1.476837,inf
1.474976,inf
1.473566,inf
1.471906,inf
1.467513,inf
