# Chi2_train, Chi2_test
278.754059,inf
1.490359,inf
1.437798,inf
1.406581,inf
1.427316,inf
1.371145,inf
1.378767,inf
1.369634,inf
1.391050,inf
1.369473,inf
